[{"ID":431820,"Name":"Chris McNulty","Email":"chris.mcnulty@synozur.com","Manager":null,"Teams":[{"ID":104026,"Name":"AIIM25"},{"ID":89953,"Name":"Marketing"},{"ID":99191,"Name":"IT"}],"Last Active":"2025-11-24 16:57:06","Role":"Organization Owner","Source":"Individual","Member Type":"regular","Status":"active"},{"ID":431823,"Name":"Michelle.Caldwell.Admin","Email":"michelle.caldwell.admin@synozur.com","Manager":null,"Teams":[],"Last Active":null,"Role":"Organization Owner","Source":"Individual","Member Type":"regular","Status":"active"},{"ID":431826,"Name":"Admin User","Email":"admin@synozur.com","Manager":null,"Teams":[],"Last Active":null,"Role":"Organization Owner","Source":"Individual","Member Type":"regular","Status":"active"},{"ID":514980,"Name":"Josh Brantley","Email":"josh.brantley@synozur.com","Manager":null,"Teams":[],"Last Active":"2024-12-12 03:03:34","Role":"Member","Source":"Individual","Member Type":"regular","Status":"active"}]