[
  {
    "ID": 169321,
    "OKR ID": 3355586,
    "Comment": "FamilyOffice sponsorship: @Michelle.Caldwell.Admin\n💠Exhibit Table + Virtual Exhibit Table + 2 Admission Tickets is:  \nIs a tabletop display of your services/product - you will have the table for the entire length of the conference, the tables are\nsituated in an area with the highest foot traffic- you will be constantly approached during breaks, lunch, cocktail hour and\nasked about your services/products. This is the easiest way to network/promote and build those long-lasting relationships\nas opposed to trying to initiate a conversation with over 700+ people at the conference.   \nNYC Price: $4,000  Member & Past Sponsor NYC Price: $3,200\nMiami Price: $8,220  Member & Past Sponsor Miami Price: $6,576",
    "Created By": {
      "ID": 431820,
      "Name": "Chris McNulty",
      "Email": "chris.mcnulty@synozur.com"
    },
    "Created At": "2024-09-04 21:05:45"
  }
]