[
{"ID":104026,"Team Name":"AIIM25","Parent Team":"","Team Owners":[{"ID":431820,"Name":"Chris McNulty","Email":"chris.mcnulty@synozur.com"}],"Team Type":"Classic","Status":"Active","Description":"Test"},
{"ID":99191,"Team Name":"IT","Parent Team":"","Team Owners":[{"ID":431820,"Name":"Chris McNulty","Email":"chris.mcnulty@synozur.com"}],"Team Type":"Classic","Status":"Active","Description":null},
{"ID":89953,"Team Name":"Marketing","Parent Team":"","Team Owners":[{"ID":431820,"Name":"Chris McNulty","Email":"chris.mcnulty@synozur.com"}],"Team Type":"Classic","Status":"Active","Description":null}
]